name,rnn,width,params,epochs_run,avg_epoch_s,val_rmsle,test_rmsle,test_mae,test_mse
GRU_w72,GRU,72,18049,8,17.406960546970367,0.010112518444657326,0.008860328234732151,2.0724081993103027,6.846948623657227
LSTM_w24,LSTM,24,23105,7,6.665138891765049,0.010190862230956554,0.009015300311148167,2.1074295043945312,7.0710296630859375
LSTM_w120,LSTM,120,23105,6,30.993646224339802,0.010339831002056599,0.009042964316904545,2.1117656230926514,7.092729091644287
BiLSTM_w72,LSTM,72,46145,6,23.48015828927358,0.010228130966424942,0.009078960865736008,2.1080658435821533,6.987749099731445
SimpleRNN_w72,SimpleRNN,72,7361,11,4.994200229644775,0.010228048078715801,0.009190626442432404,2.155667304992676,7.409119606018066
LSTM_w72,LSTM,72,23105,5,17.716511392593382,0.01031874492764473,0.009228024631738663,2.1361591815948486,7.395685195922852
LSTM_w72_stacked,LSTM,72,56129,5,40.632331895828244,0.010454035364091396,0.009625421836972237,2.2427425384521484,7.926229000091553
